Country ID,Country Name,Region ID,State
ES,Spain,130,A Coruña
CH,Switzerland,104,Aargau
BR,Brazil,485,Acre
LV,Latvia,471,Ādažu novads
GR,Greece,792,Ágion Óros
LV,Latvia,366,Aglonas novads
IT,Italy,811,Agrigento
MX,Mexico,921,Aguascalientes
FI,Finland,339,Ahvenanmaa
FR,France,182,Ain
CL,Chile,668,Aisén del General Carlos Ibañez del Campo
FR,France,183,Aisne
LV,Latvia,367,Aizkraukles novads
LV,Latvia,368,Aizputes novads
LV,Latvia,369,Aknīstes novads
US,United States,1,Alabama
BR,Brazil,486,Alagoas
US,United States,2,Alaska
ES,Spain,131,Alava
RO,Romania,278,Alba
ES,Spain,132,Albacete
CA,Canada,66,Alberta
IT,Italy,812,Alessandria
ES,Spain,133,Alicante
FR,France,184,Allier
ES,Spain,134,Almeria
LV,Latvia,370,Alojas novads
FR,France,185,Alpes-de-Haute-Provence
FR,France,187,Alpes-Maritimes
LV,Latvia,371,Alsungas novads
PY,Paraguay,954,Alto Paraguay
PY,Paraguay,955,Alto Paraná
LV,Latvia,372,Alūksnes novads
LT,Lithuania,475,Alytaus Apskritis
PY,Paraguay,956,Amambay
BR,Brazil,487,Amapá
LV,Latvia,373,Amatas novads
BR,Brazil,488,Amazonas
CO,Colombia,718,Amazonas
VE,Venezuela,1085,Amazonas
PE,Peru,972,Amazonas
US,United States,3,American Samoa
GR,Greece,779,Anatolikí Makedonía kai Thráki
PE,Peru,973,Ancash
IT,Italy,813,Ancona
IN,India,569,Andaman and Nicobar Islands
IN,India,570,Andhra Pradesh
CN,China,684,Anhui Sheng
CO,Colombia,719,Antioquia
CL,Chile,669,Antofagasta
BE,Belgium,620,Antwerpen
VE,Venezuela,1086,Anzoátegui
IT,Italy,814,Aosta
LV,Latvia,374,Apes novads
CH,Switzerland,106,Appenzell Ausserrhoden
CH,Switzerland,105,Appenzell Innerrhoden
VE,Venezuela,1087,Apure
PE,Peru,974,Apurímac
RO,Romania,279,Arad
VE,Venezuela,1088,Aragua
CO,Colombia,720,Arauca
FR,France,188,Ardèche
FR,France,189,Ardennes
PE,Peru,975,Arequipa
IT,Italy,816,Arezzo
RO,Romania,280,Argeş
CL,Chile,670,Arica y Parinacota
FR,France,190,Ariège
US,United States,4,Arizona
US,United States,5,Arkansas
US,United States,6,Armed Forces Africa
US,United States,7,Armed Forces Americas
US,United States,8,Armed Forces Canada
US,United States,9,Armed Forces Europe
US,United States,10,Armed Forces Middle East
US,United States,11,Armed Forces Pacific
UY,Uruguay,1064,Artigas
IN,India,571,Arunachal Pradesh
IT,Italy,817,Ascoli-Piceno
IN,India,572,Assam
IT,Italy,818,Asti
ES,Spain,135,Asturias
PY,Paraguay,953,Asunción
CL,Chile,672,Atacama
CO,Colombia,721,Atlántico
GR,Greece,780,Attikí
FR,France,191,Aube
LV,Latvia,375,Auces novads
FR,France,192,Aude
AU,Australia,605,Australian Capital Territory
IS,Iceland,809,Austurland
PT,Portugal,1013,Aveiro
IT,Italy,819,Avellino
FR,France,193,Aveyron
ES,Spain,136,Avila
PE,Peru,976,Ayacucho
EC,Ecuador,755,Azuay
LV,Latvia,376,Babītes novads
RO,Romania,281,Bacău
ES,Spain,137,Badajoz
DE,Germany,80,Baden-Württemberg
BR,Brazil,489,Bahia
MX,Mexico,922,Baja California
MX,Mexico,923,Baja California Sur
LV,Latvia,377,Baldones novads
ES,Spain,138,Baleares
LV,Latvia,378,Baltinavas novads
LV,Latvia,379,Balvu novads
ES,Spain,139,Barcelona
IT,Italy,820,Bari
GY,Guyana,793,Barima-Waini
VE,Venezuela,1089,Barinas
IT,Italy,821,Barletta-Andria-Trani
FR,France,249,Bas-Rhin
CH,Switzerland,108,Basel-Landschaft
CH,Switzerland,109,Basel-Stadt
LV,Latvia,380,Bauskas novads
DE,Germany,81,Bayern
CN,China,685,Beijing Shi
PT,Portugal,1014,Beja
IT,Italy,822,Belluno
IT,Italy,823,Benevento
AL,Albania,512,Berat
IT,Italy,824,Bergamo
DE,Germany,82,Berlin
CH,Switzerland,107,Bern
LV,Latvia,381,Beverīnas novads
IT,Italy,825,Biella
IN,India,573,Bihar
RO,Romania,282,Bihor
CL,Chile,673,Biobío
RO,Romania,283,Bistriţa-Năsăud
HR,Croatia,554,Bjelovarsko-bilogorska županija
BG,Bulgaria,640,Blagoevgrad
SE,Sweden,1043,Blekinge län
VE,Venezuela,1090,Bolívar
CO,Colombia,722,Bolívar
EC,Ecuador,756,Bolívar
IT,Italy,826,Bologna
IT,Italy,827,Bolzano
PY,Paraguay,957,Boquerón
RO,Romania,284,Botoşani
FR,France,194,Bouches-du-Rhône
CO,Colombia,723,Boyacá
BE,Belgium,621,Brabant wallon
PT,Portugal,1015,Braga
PT,Portugal,1016,Bragança
RO,Romania,286,Brăila
DE,Germany,83,Brandenburg
RO,Romania,285,Braşov
DE,Germany,84,Bremen
IT,Italy,828,Brescia
BY,Belarus,613,Bresckaja voblasć
IT,Italy,829,Brindisi
CA,Canada,67,British Columbia
LV,Latvia,382,Brocēnu novads
HR,Croatia,559,Brodsko-posavska županija
SR,Suriname,1033,Brokopondo
BE,Belgium,622,Brussels-Capital Region
RO,Romania,287,Bucureşti
AR,Argentina,525,Buenos Aires
BG,Bulgaria,641,Burgas
AT,Austria,102,Burgenland
ES,Spain,140,Burgos
LV,Latvia,383,Burtnieku novads
RO,Romania,288,Buzău
PY,Paraguay,958,Caaguazú
PY,Paraguay,959,Caazapá
ES,Spain,141,Caceres
ES,Spain,142,Cadiz
IT,Italy,830,Cagliari
PE,Peru,977,Cajamarca
RO,Romania,290,Călăraşi
CO,Colombia,724,Caldas
US,United States,12,California
IT,Italy,831,Caltanissetta
FR,France,195,Calvados
MX,Mexico,924,Campeche
IT,Italy,832,Campobasso
EC,Ecuador,757,Cañar
UY,Uruguay,1065,Canelones
PY,Paraguay,960,Canindeyú
ES,Spain,143,Cantabria
FR,France,196,Cantal
CO,Colombia,725,Caquetá
VE,Venezuela,1091,Carabobo
RO,Romania,289,Caraş-Severin
IT,Italy,833,Carbonia Iglesias
EC,Ecuador,758,Carchi
LV,Latvia,384,Carnikavas novads
CO,Colombia,726,Casanare
IT,Italy,834,Caserta
ES,Spain,144,Castellon
PT,Portugal,1017,Castelo Branco
AR,Argentina,526,Catamarca
IT,Italy,835,Catania
IT,Italy,836,Catanzaro
CO,Colombia,727,Cauca
BR,Brazil,490,Ceará
PY,Paraguay,961,Central
UY,Uruguay,1066,Cerro Largo
CO,Colombia,728,Cesar
LV,Latvia,387,Cēsu novads
LV,Latvia,385,Cesvaines novads
ES,Spain,145,Ceuta
AR,Argentina,527,Chaco
IN,India,574,Chandigarh
FR,France,197,Charente
FR,France,198,Charente-Maritime
FR,France,199,Cher
IN,India,575,Chhattisgarh
MX,Mexico,925,Chiapas
IT,Italy,837,Chieti
MX,Mexico,926,Chihuahua
EC,Ecuador,759,Chimborazo
CO,Colombia,729,Chocó
CN,China,686,Chongqing Shi
AR,Argentina,528,Chubut
BO,Bolivia,632,Chuquisaca
LV,Latvia,386,Ciblas novads
AR,Argentina,524,Ciudad Autónoma de Buenos Aires
MX,Mexico,927,Ciudad de México
ES,Spain,146,Ciudad Real
RO,Romania,291,Cluj
MX,Mexico,928,Coahuila
BO,Bolivia,631,Cochabamba
PT,Portugal,1018,Coimbra
VE,Venezuela,1092,Cojedes
MX,Mexico,929,Colima
UY,Uruguay,1067,Colonia
US,United States,13,Colorado
SR,Suriname,1034,Commewijne
IT,Italy,838,Como
PY,Paraguay,962,Concepción
US,United States,14,Connecticut
RO,Romania,292,Constanţa
CL,Chile,674,Coquimbo
PY,Paraguay,963,Cordillera
CO,Colombia,730,Córdoba
AR,Argentina,529,Córdoba
ES,Spain,147,Cordoba
SR,Suriname,1035,Coronie
FR,France,200,Corrèze
AR,Argentina,530,Corrientes
FR,France,201,Corse-du-Sud
IT,Italy,839,Cosenza
FR,France,203,Côte-d'Or
FR,France,204,Côtes-d'Armor
EC,Ecuador,760,Cotopaxi
RO,Romania,293,Covasna
IT,Italy,840,Cremona
FR,France,205,Creuse
IT,Italy,841,Crotone
ES,Spain,148,Cuenca
CO,Colombia,731,Cundinamarca
IT,Italy,842,Cuneo
PE,Peru,978,Cusco
GY,Guyana,794,Cuyuni-Mazaruni
IN,India,576,Dadra and Nagar Haveli
LV,Latvia,388,Dagdas novads
SE,Sweden,1044,Dalarnas län
IN,India,577,Daman and Diu
RO,Romania,294,Dâmboviţa
LV,Latvia,355,Daugavpils
LV,Latvia,389,Daugavpils novads
US,United States,15,Delaware
IN,India,578,Delhi
VE,Venezuela,1093,Delta Amacuro
GY,Guyana,795,Demerara-Mahaica
VE,Venezuela,1083,Dependencias Federales
FR,France,261,Deux-Sèvres
AL,Albania,513,Dibër
US,United States,16,District of Columbia
VE,Venezuela,1084,Distrito Capital
BR,Brazil,511,Distrito Federal
LV,Latvia,390,Dobeles novads
BG,Bulgaria,647,Dobrich
RO,Romania,295,Dolj
PL,Poland,997,dolnośląskie
FR,France,206,Dordogne
FR,France,207,Doubs
FR,France,208,Drôme
HR,Croatia,566,Dubrovačko-neretvanska županija
LV,Latvia,391,Dundagas novads
MX,Mexico,930,Durango
UY,Uruguay,1068,Durazno
LV,Latvia,392,Durbes novads
AL,Albania,514,Durrës
GR,Greece,781,Dytikí Elláda
GR,Greece,782,Dytikí Makedonía
GY,Guyana,796,East Berbice-Corentyne
BO,Bolivia,633,El Beni
PE,Peru,979,El Callao
EC,Ecuador,761,El Oro
AL,Albania,515,Elbasan
LV,Latvia,393,Engures novads
IT,Italy,843,Enna
AR,Argentina,531,Entre Ríos
LV,Latvia,472,Ērgļu novads
EC,Ecuador,762,Esmeraldas
BR,Brazil,491,Espírito Santo
GY,Guyana,797,Essequibo Islands-West Demerara
FR,France,273,Essonne
MX,Mexico,931,Estado de México
FI,Finland,333,Etelä-Karjala
FI,Finland,326,Etelä-Pohjanmaa
FI,Finland,325,Etelä-Savo
FR,France,209,Eure
FR,France,210,Eure-et-Loir
PT,Portugal,1019,Évora
VE,Venezuela,1094,Falcón
PT,Portugal,1020,Faro
US,United States,17,Federated States Of Micronesia
IT,Italy,844,Fermo
IT,Italy,845,Ferrara
AL,Albania,516,Fier
FR,France,211,Finistère
IT,Italy,846,Firenze
UY,Uruguay,1069,Flores
UY,Uruguay,1070,Florida
US,United States,18,Florida
IT,Italy,847,Foggia
IT,Italy,848,Forli-Cesena
AR,Argentina,532,Formosa
CH,Switzerland,110,Friburg
IT,Italy,849,Frosinone
CN,China,687,Fujian Sheng
BG,Bulgaria,646,Gabrovo
EC,Ecuador,763,Galápagos
RO,Romania,296,Galaţi
CN,China,688,Gansu Sheng
FR,France,212,Gard
LV,Latvia,394,Garkalnes novads
SE,Sweden,1046,Gävleborgs län
CH,Switzerland,111,Geneva
IT,Italy,850,Genova
US,United States,19,Georgia
FR,France,214,Gers
ES,Spain,149,Girona
FR,France,215,Gironde
RO,Romania,297,Giurgiu
AL,Albania,517,Gjirokastër
CH,Switzerland,112,Glarus
IN,India,579,Goa
BR,Brazil,492,Goiás
IT,Italy,851,Gorizia
RO,Romania,298,Gorj
SE,Sweden,1045,Gotlands län
HR,Croatia,568,Grad Zagreb
ES,Spain,150,Granada
CH,Switzerland,113,Graubünden
LV,Latvia,395,Grobiņas novads
IT,Italy,852,Grosseto
ES,Spain,151,Guadalajara
CO,Colombia,732,Guainía
PY,Paraguay,964,Guairá
US,United States,20,Guam
MX,Mexico,932,Guanajuato
CN,China,689,Guangdong Sheng
CN,China,690,Guangxi Zhuangzu Zizhiqu
PT,Portugal,1021,Guarda
VE,Venezuela,1095,Guárico
CO,Colombia,733,Guaviare
EC,Ecuador,764,Guayas
MX,Mexico,933,Guerrero
ES,Spain,152,Guipuzcoa
CN,China,691,Guizhou Sheng
IN,India,580,Gujarat
LV,Latvia,396,Gulbenes novads
CN,China,692,Hainan Sheng
BE,Belgium,623,Hainaut
SE,Sweden,1047,Hallands län
DE,Germany,85,Hamburg
RO,Romania,299,Harghita
EE,Estonia,340,Harjumaa
IN,India,581,Haryana
BG,Bulgaria,665,Haskovo
FR,France,250,Haut-Rhin
FR,France,202,Haute-Corse
FR,France,213,Haute-Garonne
FR,France,225,Haute-Loire
FR,France,234,Haute-Marne
FR,France,252,Haute-Saône
FR,France,256,Haute-Savoie
FR,France,269,Haute-Vienne
FR,France,186,Hautes-Alpes
FR,France,247,Hautes-Pyrénées
FR,France,274,Hauts-de-Seine
US,United States,21,Hawaii
CN,China,693,Hebei Sheng
CN,China,694,Heilongjiang Sheng
CN,China,695,Henan Sheng
FR,France,216,Hérault
DE,Germany,86,Hessen
MX,Mexico,934,Hidalgo
EE,Estonia,341,Hiiumaa
IN,India,582,Himachal Pradesh
IS,Iceland,803,Höfuðborgarsvæði
BY,Belarus,614,Homieĺskaja voblasć
CN,China,696,Hong Kong SAR
BY,Belarus,615,Horad Minsk
DK,Denmark,750,Hovedstaden
BY,Belarus,616,Hrodzienskaja voblasć
PE,Peru,980,Huancavelica
PE,Peru,981,Huánuco
CN,China,697,Hubei Sheng
ES,Spain,153,Huelva
ES,Spain,154,Huesca
CO,Colombia,734,Huila
CN,China,698,Hunan Sheng
RO,Romania,300,Hunedoara
RO,Romania,301,Ialomiţa
RO,Romania,302,Iaşi
PE,Peru,982,Ica
EE,Estonia,342,Ida-Virumaa
US,United States,22,Idaho
LV,Latvia,397,Iecavas novads
LV,Latvia,398,Ikšķiles novads
RO,Romania,303,Ilfov
FR,France,217,Ille-et-Vilaine
US,United States,23,Illinois
LV,Latvia,399,Ilūkstes novads
EC,Ecuador,765,Imbabura
IT,Italy,853,Imperia
LV,Latvia,400,Inčukalna novads
US,United States,24,Indiana
FR,France,218,Indre
FR,France,219,Indre-et-Loire
GR,Greece,783,Ionía Nísia
US,United States,25,Iowa
GR,Greece,784,Ípeiros
FR,France,220,Isère
IT,Italy,854,Isernia
HR,Croatia,565,Istarska županija
FI,Finland,337,Itä-Uusimaa
PY,Paraguay,965,Itapúa
ES,Spain,155,Jaen
MX,Mexico,935,Jalisco
IN,India,583,Jammu and Kashmir
SE,Sweden,1048,Jämtlands län
EE,Estonia,344,Järvamaa
LV,Latvia,401,Jaunjelgavas novads
LV,Latvia,402,Jaunpiebalgas novads
LV,Latvia,403,Jaunpils novads
LV,Latvia,357,Jēkabpils
LV,Latvia,405,Jēkabpils novads
LV,Latvia,356,Jelgava
LV,Latvia,404,Jelgavas novads
IN,India,584,Jharkhand
CN,China,699,Jiangsu Sheng
CN,China,700,Jiangxi Sheng
CN,China,701,Jilin Sheng
EE,Estonia,343,Jõgevamaa
SE,Sweden,1049,Jönköpings län
AR,Argentina,533,Jujuy
PE,Peru,983,Junín
CH,Switzerland,114,Jura
FR,France,221,Jura
LV,Latvia,358,Jūrmala
FI,Finland,322,Kainuu
SE,Sweden,1050,Kalmar län
LV,Latvia,406,Kandavas novads
US,United States,26,Kansas
FI,Finland,335,Kanta-Häme
BG,Bulgaria,648,Kardzhali
HR,Croatia,551,Karlovačka županija
IN,India,585,Karnataka
AT,Austria,99,Kärnten
LV,Latvia,412,Kārsavas novads
LT,Lithuania,476,Kauno Apskritis
LV,Latvia,473,Ķeguma novads
LV,Latvia,474,Ķekavas novads
GR,Greece,785,Kentrikí Makedonía
US,United States,27,Kentucky
IN,India,586,Kerala
FI,Finland,330,Keski-Pohjanmaa
FI,Finland,331,Keski-Suomi
LT,Lithuania,477,Klaipėdos Apskritis
LV,Latvia,407,Kokneses novads
HR,Croatia,553,Koprivničko-križevačka županija
AL,Albania,518,Korçë
HR,Croatia,549,Krapinsko-zagorska županija
LV,Latvia,410,Krāslavas novads
LV,Latvia,408,Krimuldas novads
GR,Greece,786,Kríti
SE,Sweden,1051,Kronobergs län
LV,Latvia,409,Krustpils novads
PL,Poland,998,kujawsko-pomorskie
AL,Albania,519,Kukës
LV,Latvia,411,Kuldīgas novads
FI,Finland,338,Kymenlaakso
BG,Bulgaria,649,Kyustendil
IT,Italy,815,L'Aquila
CL,Chile,671,La Araucanía
CO,Colombia,735,La Guajira
PE,Peru,984,La Libertad
AR,Argentina,534,La Pampa
BO,Bolivia,634,La Paz
AR,Argentina,535,La Rioja
ES,Spain,156,La Rioja
IT,Italy,855,La-Spezia
EE,Estonia,346,Lääne-Virumaa
EE,Estonia,345,Läänemaa
IN,India,587,Lakshadweep
PE,Peru,985,Lambayeque
FR,France,222,Landes
FI,Finland,320,Lappi
VE,Venezuela,1096,Lara
ES,Spain,157,Las Palmas
IT,Italy,856,Latina
UY,Uruguay,1071,Lavalleja
IT,Italy,857,Lecce
IT,Italy,858,Lecco
PT,Portugal,1022,Leiria
ES,Spain,158,Leon
AL,Albania,520,Lezhë
CN,China,702,Liaoning Sheng
CL,Chile,675,Libertador General Bernardo O'Higgins
HR,Croatia,556,Ličko-senjska županija
BE,Belgium,625,Liège
LV,Latvia,413,Lielvārdes novads
LV,Latvia,359,Liepāja
LV,Latvia,360,Liepājas novads
LV,Latvia,417,Līgatnes novads
PE,Peru,986,Lima
LV,Latvia,414,Limbažu novads
BE,Belgium,624,Limburg
PT,Portugal,1023,Lisboa
LV,Latvia,418,Līvānu novads
IT,Italy,859,Livorno
ES,Spain,159,Lleida
IT,Italy,860,Lodi
FR,France,223,Loir-et-Cher
FR,France,224,Loire
FR,France,226,Loire-Atlantique
FR,France,227,Loiret
EC,Ecuador,766,Loja
PE,Peru,987,Loreto
CL,Chile,676,Los Lagos
CL,Chile,677,Los Ríos
EC,Ecuador,767,Los Ríos
FR,France,228,Lot
FR,France,229,Lot-et-Garonne
US,United States,28,Louisiana
BG,Bulgaria,650,Lovech
FR,France,230,Lozère
LV,Latvia,415,Lubānas novads
PL,Poland,999,lubelskie
PL,Poland,1000,lubuskie
IT,Italy,861,Lucca
CH,Switzerland,115,Lucerne
LV,Latvia,416,Ludzas novads
ES,Spain,160,Lugo
BE,Belgium,626,Luxembourg
CN,China,703,Macao SAR
IT,Italy,862,Macerata
IN,India,588,Madhya Pradesh
LV,Latvia,419,Madonas novads
PE,Peru,988,Madre de Dios
ES,Spain,161,Madrid
CL,Chile,678,Magallanes
CO,Colombia,736,Magdalena
GY,Guyana,798,Mahaica-Berbice
IN,India,589,Maharashtra
BY,Belarus,617,Mahilioŭskaja voblasć
US,United States,29,Maine
FR,France,231,Maine-et-Loire
ES,Spain,162,Malaga
UY,Uruguay,1072,Maldonado
LV,Latvia,421,Mālpils novads
EC,Ecuador,768,Manabí
FR,France,232,Manche
IN,India,590,Manipur
CA,Canada,68,Manitoba
IT,Italy,863,Mantova
RO,Romania,304,Maramureş
BR,Brazil,493,Maranhão
LT,Lithuania,478,Marijampolės Apskritis
FR,France,233,Marne
SR,Suriname,1036,Marowijne
US,United States,30,Marshall Islands
LV,Latvia,422,Mārupes novads
US,United States,31,Maryland
IT,Italy,864,Massa-Carrara
US,United States,32,Massachusetts
IT,Italy,865,Matera
BR,Brazil,494,Mato Grosso
BR,Brazil,495,Mato Grosso do Sul
CL,Chile,679,Maule
FR,France,235,Mayenne
PL,Poland,1003,mazowieckie
LV,Latvia,420,Mazsalacas novads
PL,Poland,1002,małopolskie
DE,Germany,87,Mecklenburg-Vorpommern
IT,Italy,866,Medio Campidano
IN,India,591,Meghalaya
RO,Romania,305,Mehedinţi
ES,Spain,163,Melilla
AR,Argentina,536,Mendoza
VE,Venezuela,1097,Mérida
IT,Italy,867,Messina
CO,Colombia,737,Meta
FR,France,236,Meurthe-et-Moselle
FR,France,237,Meuse
HR,Croatia,567,Međimurska županija
US,United States,33,Michigan
MX,Mexico,936,Michoacán
DK,Denmark,751,Midtjylland
IT,Italy,868,Milano
BR,Brazil,496,Minas Gerais
US,United States,34,Minnesota
BY,Belarus,618,Minskaja voblasć
VE,Venezuela,1098,Miranda
AR,Argentina,537,Misiones
PY,Paraguay,966,Misiones
US,United States,35,Mississippi
US,United States,36,Missouri
IN,India,592,Mizoram
IT,Italy,869,Modena
VE,Venezuela,1099,Monagas
US,United States,37,Montana
BG,Bulgaria,651,Montana
UY,Uruguay,1073,Montevideo
IT,Italy,870,Monza-Brianza
PE,Peru,989,Moquegua
FR,France,238,Morbihan
MX,Mexico,937,Morelos
EC,Ecuador,769,Morona Santiago
FR,France,239,Moselle
PE,Peru,971,Municipalidad Metropolitana de Lima
ES,Spain,164,Murcia
RO,Romania,306,Mureş
IN,India,593,Nagaland
BE,Belgium,627,Namur
EC,Ecuador,770,Napo
IT,Italy,871,Napoli
CO,Colombia,738,Nariño
LV,Latvia,423,Naukšēnu novads
ES,Spain,165,Navarra
MX,Mexico,938,Nayarit
RO,Romania,307,Neamţ
US,United States,38,Nebraska
PY,Paraguay,967,Ñeembucú
CN,China,704,Nei Mongol Zizhiqu
LV,Latvia,424,Neretas novads
CH,Switzerland,116,Neuchâtel
AR,Argentina,538,Neuquén
US,United States,39,Nevada
CA,Canada,70,New Brunswick
US,United States,40,New Hampshire
US,United States,41,New Jersey
US,United States,42,New Mexico
AU,Australia,606,New South Wales
US,United States,43,New York
CA,Canada,69,Newfoundland and Labrador
LV,Latvia,425,Nīcas novads
SR,Suriname,1037,Nickerie
CH,Switzerland,117,Nidwalden
AT,Austria,96,Niederösterreich
DE,Germany,79,Niedersachsen
FR,France,240,Nièvre
CN,China,705,Ningxia Huizi Zizhiqu
FR,France,241,Nord
DK,Denmark,752,Nordjylland
DE,Germany,88,Nordrhein-Westfalen
SE,Sweden,1052,Norrbottens län
CO,Colombia,739,Norte de Santander
US,United States,44,North Carolina
US,United States,45,North Dakota
US,United States,46,Northern Mariana Islands
AU,Australia,612,Northern Territory
CA,Canada,72,Northwest Territories
IS,Iceland,808,Norðurland eystra
IS,Iceland,807,Norðurland vestra
GR,Greece,787,Nótio Aigaío
CA,Canada,71,Nova Scotia
IT,Italy,872,Novara
CL,Chile,680,Ñuble
VE,Venezuela,1100,Nueva Esparta
MX,Mexico,939,Nuevo León
CA,Canada,73,Nunavut
IT,Italy,873,Nuoro
MX,Mexico,940,Oaxaca
AT,Austria,97,Oberösterreich
CH,Switzerland,118,Obwalden
IN,India,594,Odisha
IT,Italy,874,Ogliastra
LV,Latvia,426,Ogres novads
US,United States,47,Ohio
FR,France,242,Oise
US,United States,48,Oklahoma
LV,Latvia,427,Olaines novads
IT,Italy,875,Olbia Tempio
RO,Romania,308,Olt
CA,Canada,74,Ontario
BE,Belgium,628,Oost-Vlaanderen
PL,Poland,1004,opolskie
SE,Sweden,1062,Örebro län
US,United States,49,Oregon
EC,Ecuador,771,Orellana
IT,Italy,876,Oristano
FR,France,243,Orne
BO,Bolivia,635,Oruro
HR,Croatia,561,Osječko-baranjska županija
SE,Sweden,1063,Östergötlands län
ES,Spain,166,Ourense
LV,Latvia,428,Ozolnieku novads
IT,Italy,877,Padova
FI,Finland,334,Päijät-Häme
US,United States,50,Palau
ES,Spain,167,Palencia
IT,Italy,878,Palermo
BO,Bolivia,636,Pando
LT,Lithuania,479,Panevėžio Apskritis
BR,Brazil,497,Pará
SR,Suriname,1038,Para
PY,Paraguay,968,Paraguarí
BR,Brazil,498,Paraíba
SR,Suriname,1039,Paramaribo
BR,Brazil,499,Paraná
LV,Latvia,432,Pārgaujas novads
FR,France,257,Paris
IT,Italy,879,Parma
EE,Estonia,348,Pärnumaa
FR,France,244,Pas-de-Calais
PE,Peru,990,Pasco
EC,Ecuador,772,Pastaza
IT,Italy,880,Pavia
LV,Latvia,433,Pāvilostas novads
UY,Uruguay,1074,Paysandu
BG,Bulgaria,652,Pazardzhik
GR,Greece,788,Pelopónnisos
US,United States,51,Pennsylvania
BR,Brazil,500,Pernambuco
BG,Bulgaria,653,Pernik
IT,Italy,881,Perugia
IT,Italy,882,Pesaro-Urbino
IT,Italy,883,Pescara
IT,Italy,884,Piacenza
BR,Brazil,501,Piauí
EC,Ecuador,773,Pichincha
FI,Finland,328,Pirkanmaa
IT,Italy,885,Pisa
IT,Italy,886,Pistoia
PE,Peru,991,Piura
LV,Latvia,434,Pļaviņu novads
BG,Bulgaria,654,Pleven
BG,Bulgaria,655,Plovdiv
PL,Poland,1005,podkarpackie
PL,Poland,1006,podlaskie
FI,Finland,327,Pohjanmaa
FI,Finland,323,Pohjois-Karjala
FI,Finland,321,Pohjois-Pohjanmaa
FI,Finland,324,Pohjois-Savo
EE,Estonia,347,Põlvamaa
GY,Guyana,799,Pomeroon-Supenaam
PL,Poland,1007,pomorskie
ES,Spain,168,Pontevedra
IT,Italy,887,Pordenone
PT,Portugal,1024,Portalegre
PT,Portugal,1025,Porto
VE,Venezuela,1101,Portuguesa
GY,Guyana,800,Potaro-Siparuni
IT,Italy,888,Potenza
BO,Bolivia,637,Potosí
HR,Croatia,558,Požeško-slavonska županija
RO,Romania,309,Prahova
IT,Italy,889,Prato
LV,Latvia,429,Preiļu novads
PY,Paraguay,969,Presidente Hayes
LV,Latvia,430,Priekules novads
LV,Latvia,431,Priekuļu novads
HR,Croatia,555,Primorsko-goranska županija
CA,Canada,75,Prince Edward Island
IN,India,595,Puducherry
MX,Mexico,941,Puebla
US,United States,52,Puerto Rico
IN,India,596,Punjab
PE,Peru,992,Puno
CO,Colombia,740,Putumayo
FR,France,245,Puy-de-Dôme
FR,France,246,Pyrénées-Atlantiques
FR,France,248,Pyrénées-Orientales
CN,China,706,Qinghai Sheng
CA,Canada,76,Quebec
AU,Australia,608,Queensland
MX,Mexico,942,Querétaro
CO,Colombia,741,Quindío
MX,Mexico,943,Quintana Roo
IT,Italy,890,Ragusa
IN,India,597,Rajasthan
EE,Estonia,349,Raplamaa
LV,Latvia,435,Raunas novads
IT,Italy,891,Ravenna
BG,Bulgaria,656,Razgrad
IT,Italy,892,Reggio-Calabria
IT,Italy,893,Reggio-Emilia
PT,Portugal,1032,Região Autónoma da Madeira
PT,Portugal,1031,Região Autónoma dos Açores
CL,Chile,681,Región Metropolitana de Santiago
LV,Latvia,361,Rēzekne
LV,Latvia,442,Rēzeknes novads
DE,Germany,89,Rheinland-Pfalz
US,United States,53,Rhode Island
FR,France,251,Rhône
LV,Latvia,436,Riebiņu novads
IT,Italy,894,Rieti
LV,Latvia,362,Rīga
LV,Latvia,363,Rīgas novads
IT,Italy,895,Rimini
BR,Brazil,502,Rio de Janeiro
BR,Brazil,503,Rio Grande do Norte
BR,Brazil,504,Rio Grande do Sul
AR,Argentina,539,Río Negro
UY,Uruguay,1075,Río Negro
CO,Colombia,742,Risaralda
UY,Uruguay,1076,Rivera
UY,Uruguay,1077,Rocha
LV,Latvia,437,Rojas novads
IT,Italy,896,Roma
BR,Brazil,505,Rondônia
LV,Latvia,438,Ropažu novads
BR,Brazil,506,Roraima
IT,Italy,897,Rovigo
LV,Latvia,439,Rucavas novads
LV,Latvia,440,Rugāju novads
LV,Latvia,443,Rūjienas novads
LV,Latvia,441,Rundāles novads
BG,Bulgaria,657,Ruse
EE,Estonia,350,Saaremaa
DE,Germany,90,Saarland
DE,Germany,91,Sachsen
DE,Germany,92,Sachsen-Anhalt
LV,Latvia,444,Salacgrīvas novads
RO,Romania,311,Sălaj
ES,Spain,169,Salamanca
LV,Latvia,445,Salas novads
LV,Latvia,446,Salaspils novads
LV,Latvia,447,Saldus novads
IT,Italy,898,Salerno
AR,Argentina,540,Salta
UY,Uruguay,1078,Salto
AT,Austria,98,Salzburg
CO,Colombia,743,San Andrés y Providencia
UY,Uruguay,1079,San José
AR,Argentina,541,San Juan
AR,Argentina,542,San Luis
MX,Mexico,944,San Luis Potosí
PE,Peru,993,San Martín
PY,Paraguay,970,San Pedro
BR,Brazil,507,Santa Catarina
AR,Argentina,543,Santa Cruz
BO,Bolivia,638,Santa Cruz
ES,Spain,170,Santa Cruz de Tenerife
EC,Ecuador,774,Santa Elena
AR,Argentina,544,Santa Fe
CO,Colombia,744,Santander
PT,Portugal,1026,Santarém
AR,Argentina,545,Santiago del Estero
EC,Ecuador,775,Santo Domingo de los Tsáchilas
BR,Brazil,508,São Paulo
FR,France,253,Saône-et-Loire
SR,Suriname,1040,Saramacca
FR,France,254,Sarthe
CA,Canada,77,Saskatchewan
IT,Italy,899,Sassari
FI,Finland,329,Satakunta
RO,Romania,310,Satu-Mare
LV,Latvia,448,Saulkrastu novads
FR,France,255,Savoie
IT,Italy,900,Savona
CH,Switzerland,120,Schaffhausen
DE,Germany,93,Schleswig-Holstein
CH,Switzerland,122,Schwyz
ES,Spain,171,Segovia
FR,France,259,Seine-et-Marne
FR,France,258,Seine-Maritime
FR,France,275,Seine-Saint-Denis
LV,Latvia,455,Sējas novads
BR,Brazil,509,Sergipe
PT,Portugal,1027,Setúbal
ES,Spain,172,Sevilla
CN,China,707,Shaanxi Sheng
CN,China,708,Shandong Sheng
CN,China,709,Shanghai Shi
CN,China,710,Shanxi Sheng
AL,Albania,521,Shkodër
BG,Bulgaria,666,Shumen
LT,Lithuania,480,Šiaulių Apskritis
HR,Croatia,562,Šibensko-kninska županija
RO,Romania,312,Sibiu
CN,China,711,Sichuan Sheng
IT,Italy,901,Siena
LV,Latvia,449,Siguldas novads
IN,India,598,Sikkim
BG,Bulgaria,658,Silistra
MX,Mexico,945,Sinaloa
SR,Suriname,1041,Sipaliwini
IT,Italy,902,Siracusa
HR,Croatia,550,Sisačko-moslavačka županija
DK,Denmark,753,Sjælland
SE,Sweden,1053,Skåne län
LV,Latvia,451,Skrīveru novads
LV,Latvia,450,Skrundas novads
PL,Poland,1008,śląskie
BG,Bulgaria,659,Sliven
LV,Latvia,452,Smiltenes novads
BG,Bulgaria,660,Smolyan
SE,Sweden,1055,Södermanlands län
BG,Bulgaria,661,Sofia City
BG,Bulgaria,662,Sofia Province
CH,Switzerland,121,Solothurn
FR,France,262,Somme
IT,Italy,903,Sondrio
MX,Mexico,946,Sonora
ES,Spain,173,Soria
UY,Uruguay,1080,Soriano
AU,Australia,609,South Australia
US,United States,54,South Carolina
US,United States,55,South Dakota
HR,Croatia,564,Splitsko-dalmatinska županija
CH,Switzerland,119,St. Gallen
BG,Bulgaria,663,Stara Zagora
AT,Austria,100,Steiermark
GR,Greece,789,Stereá Elláda
SE,Sweden,1054,Stockholms län
LV,Latvia,453,Stopiņu novads
LV,Latvia,454,Strenču novads
RO,Romania,313,Suceava
VE,Venezuela,1102,Sucre
CO,Colombia,745,Sucre
EC,Ecuador,776,Sucumbíos
IS,Iceland,810,Suðurland
IS,Iceland,804,Suðurnes
PL,Poland,1009,świętokrzyskie
DK,Poland,754,Syddanmark
MX,Mexico,947,Tabasco
VE,Venezuela,1103,Táchira
PE,Peru,994,Tacna
UY,Uruguay,1081,Tacuarembó
CN,China,712,Taiwan Sheng
LV,Latvia,456,Talsu novads
MX,Mexico,948,Tamaulipas
IN,India,599,Tamil Nadu
IT,Italy,904,Taranto
CL,Chile,682,Tarapacá
BG,Bulgaria,664,Targovishte
BO,Bolivia,639,Tarija
FR,France,263,Tarn
FR,France,264,Tarn-et-Garonne
ES,Spain,174,Tarragona
EE,Estonia,351,Tartumaa
AU,Australia,610,Tasmania
LT,Lithuania,481,Tauragės Apskritis
IN,India,600,Telangana
RO,Romania,314,Teleorman
LT,Lithuania,482,Telšių Apskritis
US,United States,56,Tennessee
IT,Italy,905,Teramo
IT,Italy,906,Terni
FR,France,272,Territoire-de-Belfort
ES,Spain,175,Teruel
LV,Latvia,458,Tērvetes novads
US,United States,57,Texas
GR,Greece,790,Thessalía
CH,Switzerland,123,Thurgau
DE,Germany,94,Thüringen
CN,China,713,Tianjin Shi
CH,Switzerland,124,Ticino
AR,Argentina,546,Tierra del Fuego
RO,Romania,315,Timiş
AL,Albania,522,Tiranë
AT,Austria,101,Tirol
MX,Mexico,949,Tlaxcala
BR,Brazil,510,Tocantins
ES,Spain,176,Toledo
CO,Colombia,746,Tolima
IT,Italy,907,Torino
IT,Italy,908,Trapani
UY,Uruguay,1082,Treinta y Tres
IT,Italy,909,Trento
IT,Italy,910,Treviso
IT,Italy,911,Trieste
IN,India,601,Tripura
VE,Venezuela,1104,Trujillo
AR,Argentina,547,Tucumán
LV,Latvia,457,Tukuma novads
RO,Romania,316,Tulcea
PE,Peru,995,Tumbes
EC,Ecuador,777,Tungurahua
PE,Peru,996,Ucayali
IT,Italy,912,Udine
GY,Guyana,801,Upper Demerara-Berbice
GY,Guyana,802,Upper Takutu-Upper Essequibo
SE,Sweden,1056,Uppsala län
CH,Switzerland,125,Uri
US,United States,58,Utah
LT,Lithuania,483,Utenos Apskritis
IN,India,602,Uttar Pradesh
IN,India,603,Uttarakhand
FI,Finland,336,Uusimaa
LV,Latvia,459,Vaiņodes novads
FR,France,277,Val-d'Oise
FR,France,276,Val-de-Marne
RO,Romania,318,Vâlcea
ES,Spain,177,Valencia
EE,Estonia,352,Valgamaa
LV,Latvia,460,Valkas novads
ES,Spain,178,Valladolid
CO,Colombia,747,Valle del Cauca
LV,Latvia,364,Valmiera
LV,Latvia,461,Valmieras novads
CL,Chile,683,Valparaíso
FR,France,265,Var
LV,Latvia,462,Varakļānu novads
HR,Croatia,552,Varaždinska županija
IT,Italy,913,Varese
VE,Venezuela,1105,Vargas
LV,Latvia,469,Vārkavas novads
SE,Sweden,1057,Värmlands län
BG,Bulgaria,642,Varna
FI,Finland,332,Varsinais-Suomi
RO,Romania,317,Vaslui
SE,Sweden,1058,Västerbottens län
SE,Sweden,1059,Västernorrlands län
SE,Sweden,1060,Västmanlands län
SE,Sweden,1061,Västra Götalands län
FR,France,266,Vaucluse
CH,Switzerland,126,Vaud
CO,Colombia,748,Vaupés
LV,Latvia,463,Vecpiebalgas novads
LV,Latvia,464,Vecumnieku novads
BG,Bulgaria,643,Veliko Tarnovo
FR,France,267,Vendée
IT,Italy,914,Venezia
LV,Latvia,365,Ventspils
LV,Latvia,465,Ventspils novads
MX,Mexico,950,Veracruz
IT,Italy,915,Verbania
IT,Italy,916,Vercelli
US,United States,59,Vermont
IT,Italy,917,Verona
IS,Iceland,806,Vestfirðir
IS,Iceland,805,Vesturland
PT,Portugal,1028,Viana do Castelo
IT,Italy,918,Vibo-Valentia
IT,Italy,919,Vicenza
CO,Colombia,749,Vichada
BY,Belarus,619,Viciebskaja voblasć
AU,Australia,607,Victoria
BG,Bulgaria,644,Vidin
FR,France,268,Vienne
LV,Latvia,466,Viesītes novads
PT,Portugal,1029,Vila Real
LV,Latvia,467,Viļakas novads
LV,Latvia,468,Viļānu novads
EE,Estonia,353,Viljandimaa
LT,Lithuania,484,Vilniaus Apskritis
US,United States,60,Virgin Islands
US,United States,61,Virginia
HR,Croatia,557,Virovitičko-podravska županija
PT,Portugal,1030,Viseu
IT,Italy,920,Viterbo
ES,Spain,179,Vizcaya
BE,Belgium,629,Vlaams-Brabant
AL,Albania,523,Vlorë
AT,Austria,103,Vorarlberg
GR,Greece,791,Vóreio Aigaío
EE,Estonia,354,Võrumaa
FR,France,270,Vosges
RO,Romania,319,Vrancea
BG,Bulgaria,645,Vratsa
HR,Croatia,563,Vukovarsko-srijemska županija
CH,Switzerland,127,Wallis
SR,Suriname,1042,Wanica
PL,Poland,1010,warmińsko-mazurskie
US,United States,62,Washington
IN,India,604,West Bengal
US,United States,63,West Virginia
BE,Belgium,630,West-Vlaanderen
AU,Australia,611,Western Australia
PL,Poland,1011,wielkopolskie
AT,Austria,95,Wien
US,United States,64,Wisconsin
US,United States,65,Wyoming
CN,China,714,Xinjiang Uygur Zizhiqu
CN,China,715,Xizang Zizhiqu
BG,Bulgaria,667,Yambol
VE,Venezuela,1106,Yaracuy
FR,France,271,Yonne
MX,Mexico,951,Yucatán
CA,Canada,78,Yukon Territory
CN,China,716,Yunnan Sheng
FR,France,260,Yvelines
MX,Mexico,952,Zacatecas
PL,Poland,1012,zachodniopomorskie
HR,Croatia,560,Zadarska županija
HR,Croatia,548,Zagrebačka županija
ES,Spain,180,Zamora
EC,Ecuador,778,Zamora Chinchipe
ES,Spain,181,Zaragoza
CN,China,717,Zhejiang Sheng
LV,Latvia,470,Zilupes novads
CH,Switzerland,128,Zug
VE,Venezuela,1107,Zulia
CH,Switzerland,129,Zürich
PL,Poland,1001,łódzkie